{
  "gizmos-infos": {
    "is2D": true,
    "is3DIcon": false,
    "iconSize": 2,
    "gridVisible": true,
    "gridColor": [
      166,
      166,
      166,
      255
    ],
    "transformToolName": "position",
    "pivot": "pivot",
    "coordinate": "local",
    "toolsVisibility3d": true
  },
  "__version__": "1.0.2",
  "builder": {},
  "snap-configs": {
    "position": {
      "x": 1,
      "y": 1,
      "z": 1
    },
    "rotation": 1,
    "scale": 1,
    "isPositionSnapEnabled": false,
    "isRotationSnapEnabled": false,
    "isScaleSnapEnabled": false
  },
  "rect-snap-configs": {
    "enableSnapping": true,
    "snapThreshold": 4
  },
  "float-window": {
    "position": {
      "cc": {
        "Camera": {
          "dock": false,
          "top": null,
          "bottom": 10,
          "left": null,
          "right": 10
        }
      }
    }
  },
  "camera-infos": {
    "ed0ac19c-951b-4462-8052-903f20329cf9": {
      "position": {
        "x": 639.9999999999999,
        "y": 360.00000000000006,
        "z": 5000
      },
      "rotation": {
        "x": 0,
        "y": 0,
        "z": 0,
        "w": 1
      },
      "viewCenter": {
        "x": 0,
        "y": 0,
        "z": 0
      },
      "contentRect": {
        "x": 0,
        "y": 5.684341886080802e-14,
        "width": 744.8,
        "height": 418.95
      },
      "scale": 0.581875
    },
    "330c5f5e-ddca-4326-89f2-1113e1abc8a8": {
      "position": {
        "x": 0,
        "y": -5.684341886080802e-14,
        "z": 5000
      },
      "rotation": {
        "x": 0,
        "y": 0,
        "z": 0,
        "w": 1
      },
      "viewCenter": {
        "x": 0,
        "y": 0,
        "z": 0
      },
      "contentRect": {
        "x": 0,
        "y": -5.684341886080802e-14,
        "width": 1196,
        "height": 838
      },
      "scale": 1
    },
    "5cd5d50c-c7fa-4ba4-8f6b-904a725c11a2": {
      "position": {
        "x": 640.4074374109398,
        "y": 359.8722917301825,
        "z": 5000
      },
      "rotation": {
        "x": 0,
        "y": 0,
        "z": 0,
        "w": 1
      },
      "viewCenter": {
        "x": 0,
        "y": 0,
        "z": 0
      },
      "contentRect": {
        "x": 639.1683705661497,
        "y": 359.0130393453532,
        "width": 796,
        "height": 548
      },
      "scale": 321.2094663604984
    },
    "e5216a5c-c447-4b1f-91bc-4147bf78e49a": {
      "position": {
        "x": 522.4999999999999,
        "y": 179.49999999999997,
        "z": 5000
      },
      "rotation": {
        "x": 0,
        "y": 0,
        "z": 0,
        "w": 1
      },
      "viewCenter": {
        "x": 0,
        "y": 0,
        "z": 0
      },
      "contentRect": {
        "x": -223.92857142857142,
        "y": -76.92857142857142,
        "width": 1045,
        "height": 359
      },
      "scale": 0.7000000000000001
    }
  },
  "camera-uuids": [
    "ed0ac19c-951b-4462-8052-903f20329cf9",
    "330c5f5e-ddca-4326-89f2-1113e1abc8a8",
    "5cd5d50c-c7fa-4ba4-8f6b-904a725c11a2",
    "e5216a5c-c447-4b1f-91bc-4147bf78e49a"
  ],
  "camera": {
    "color": [
      48,
      48,
      48,
      255
    ],
    "fov": 45,
    "far": 10000,
    "near": 0.01,
    "wheelSpeed": 0.01,
    "wanderSpeed": 10,
    "enableAcceleration": true,
    "size": "__default_design__",
    "far2D": 10000,
    "near2D": 1,
    "wheelSpeed2D": 6,
    "iso": 0,
    "aperture": 19,
    "shutter": 7
  }
}
